year,2020_acceleratorPedal,2021_acceleratorPedal
2020,5.027858851671465,
2021,,4.651052349886582
