year,2020_backBrakePneumatic,2021_backBrakePneumatic
2020,8.209112961672627,
2021,,7.906405003123837
