year,2020_coolingFanCoolantTemperature,2021_coolingFanCoolantTemperature
2020,64.64847107571657,
2021,,60.69399463559729
