year,2020_coolantTemperature,2021_coolantTemperature
2020,66.28531901830632,
2021,,63.81570572254006
