year,2020_carSpeed,2021_carSpeed
2020,2.3669485568590596,
2021,,2.22816511235717
