year,2020_CTIS_controlAirPressure,2021_CTIS_controlAirPressure
2020,2.8638112064655963,
2021,,14.157035616841902
