year,2020_demandRetarderTorque,2021_demandRetarderTorque
2020,-0.01370711526381054,
2021,,-0.0023406248489555195
