year,2020_demandEngineTorque,2021_demandEngineTorque
2020,4.490697384783825,
2021,,4.078918814412468
