year,2020_engineBurden,2021_engineBurden
2020,24.421524527925108,
2021,,22.572157842285304
