year,2020_engineTorque,2021_engineTorque
2020,15.369102698545769,
2021,,14.161064846940196
