year,2020_engineSpeed,2021_engineSpeed
2020,653.8984486302797,
2021,,616.0554797843231
