year,2020_engineExhaustGasTemperature,2021_engineExhaustGasTemperature
2020,206.01800300882317,
2021,,201.2980127268205
