year,2020_fuelLevel,2021_fuelLevel
2020,91.07863882489339,
2021,,78.09595933823363
