year,2020_frontBrakePneumatic,2021_frontBrakePneumatic
2020,8.186759063048543,
2021,,7.906002776604639
