year,2020_fuelTemperature,2021_fuelTemperature
2020,38.04253325086991,
2021,,34.133158610572
