year,2020_outsideTemperature,2021_outsideTemperature
2020,27.26738377917154,
2021,,30.10810039705656
