year,2020_oilStorageHydraulicPressure,2021_oilStorageHydraulicPressure
2020,23.578183158153273,
2021,,22.040778149478445
