year,2020_overrideDemandTorque,2021_overrideDemandTorque
2020,117.06449682525275,
2021,,118.00413234416098
