year,2020_positivePressure,2021_positivePressure
2020,0.004704080878022613,
2021,,0.017182395071237627
