year,2020_retarderTorque,2021_retarderTorque
2020,-0.008558574781082044,
2021,,-0.001900867138504401
