year,2020_retarderOilTemperature,2021_retarderOilTemperature
2020,64.04042217263546,
2021,,62.344374127938
