year,2020_retarderSelection,2021_retarderSelection
2020,0.967669924627079,
2021,,0.07372246520237842
