year,2020_twoAxisLeftRelativeSpeed,2021_twoAxisLeftRelativeSpeed
2020,-0.0112469395135424,
2021,,-0.003142991754918577
