year,2020_threeAxisRightRelativeSpeed,2021_threeAxisRightRelativeSpeed
2020,0.021232422280568854,
2021,,-0.009796380632004116
