year,2020_twoAxisRightRelativeSpeed,2021_twoAxisRightRelativeSpeed
2020,0.016837242384120352,
2021,,0.004147514963834227
