year,2020_transmissionOilTemperature,2021_transmissionOilTemperature
2020,57.180578314802986,
2021,,56.34920990743076
