year,2020_twoAxisSpeed,2021_twoAxisSpeed
2020,2.6244496434167623,
2021,,2.488161837920672
