year,2020_transmissionInputSpeed,2021_transmissionInputSpeed
2020,555.175292108774,
2021,,510.70178466940547
