year,2020_transmissionOutputSpeed,2021_transmissionOutputSpeed
2020,73.73785886258744,
2021,,67.4288090286486
