year,2020_threeAxisLeftRelativeSpeed,2021_threeAxisLeftRelativeSpeed
2020,-0.004431512802946553,
2021,,-0.013386142752168498
