year,2020_voltage,2021_voltage
2020,27.701356275506345,
2021,,27.178736858561898
